time,tables,table-size,threads,r_ratio,corr,cost,cluster_label
30,20,20000,10,0.6,0.8909090909090909,46.278020691871646,0
