time,tables,table-size,threads,r_ratio,corr,cost,cluster_label
30,20,20000,10,0.5,0.7538028741632801,46.246385550498964,0
